Real Response,Model Response
C1CC1NC2=C3C(=NC(=N2)N)N(C=N3)C4CC(C=C4)CO.C1CC1NC2=C3C(=NC(=N2)N)N(C=N3)C4CC(C=C4)CO.OS(=O)(=O)O,C1=NN=C(N1CC2=CN=CN2)NCC(COC3=CC=C(C=C3)CC(=O)N)O
C1CC(=O)NC2=C1C=CC(=C2)OCCCCN3CCN(CC3)C4=C(C(=CC=C4)Cl)Cl,CN1CCN(CC1)CCCN2C(=Cc3cc4ccccc4oc3=O)C(=O)CC2.Cl
CC1(CCC(=C(C1)C2=CC=C(C=C2)Cl)CN3CCN(CC3)C4=CC(=C(C=C4)C(=O)NS(=O)(=O)C5=CC(=C(C=C5)NCC6CCOCC6)[N+](=O)[O-])OC7=CN=C8C(=C7)C=CN8)C,C1CC[NH2+]CC1.C(CC(=O)C(C(=O)O)N)O.OS(=O)(=O)O
CC(=O)NCCCS(=O)(=O)[O-].CC(=O)NCCCS(=O)(=O)[O-].[Ca+2],CC1=CC=CC(=C1)CC(C(=O)O)N.Cl
[H+].[H+].[H+].[H+].[H+].[H+].[H+].[H+].[H+].C(C(=O)[O-])C(CC(=O)[O-])(C(=O)[O-])O.C(C(=O)[O-])C(CC(=O)[O-])(C(=O)[O-])O.C(C(=O)[O-])C(CC(=O)[O-])(C(=O)[O-])O.[O-]P(=O)([O-])OP(=O)([O-])[O-].[O-]P(=O)([O-])OP(=O)([O-])[O-].[O-]P(=O)([O-])OP(=O)([O-])[O-].[Fe+3].[Fe+3].[Fe+3].[Fe+3],[Fe+2]
CC(C)(C)NCC(C1=CC(=C(C=C1)O)CO)O.CC(C)(C)NCC(C1=CC(=C(C=C1)O)CO)O.C(C(C(=O)O)O)(C(=O)O)O,CC(C1=CC(=C(C=C1)O)CO)N(CCS(=O)(=O)O)C.CC(C1=CC(=C(C=C1)O)CO)N(CCS(=O)(=O)O)C.OS(=O)(=O)O
CC(C)OC(=O)CCCC=CCC1C(CC(C1CCC(CCC2=CC=CC=C2)O)O)O,CCCCC1CC1C(=O)CCCC(=O)O
C1CC1N2C=C(C(=O)C3=CC(=C(C(=C32)C#N)N4CC5C(C4)OCCN5)F)C(=O)O,C1CC1N2C=C(C(=O)C3=CC(=C4N(C3=N2)C5CCC5)C(=O)C=C4Cl)C(=O)O
CCC1=CN=C(C=C1)CCOC2=CC=C(C=C2)CC3C(=O)NC(=O)S3.Cl,CCCCC(=O)OCC1=CC(=C(C=C1)C(=O)O)O
CCCCCC(CCC1C(CC2C1CC3=C(C2)C(=CC=C3)OCC(=O)O)O)O,CC1C(C(=O)N(C1=O)C2CC2)C=CC3=CC(=CC(=C3)OC)S(=O)(=O)O
CCCCCC(C=CC1C(CC(=O)C1CCCCCCC(=O)O)O)O,C1=CC(=C(C=C1[N+](=O)[O-])O)CCCCN
CC(C)OC(=O)OCOP(=O)(COC(C)CN1C=NC2=C(N=CN=C21)N)OCOC(=O)OC(C)C.C(=CC(=O)O)C(=O)O,C#CC1C(C(C(C(O1)CO)OC2C3C(COC(=O)C3=CC4=C2C=C(C=C4)O)N=C(O)N(C2=CC(=C(C(=C21)O)C(=O)C)O)C(=O)C)O)N.Cl
CC(CC1=CC=CC=C1)N,C1=CC=C(C=C1)CS(=O)CC(C2=CC(=C(C=C2)Cl)O)N(C)C.Cl
CN(C)CC=CC(=O)NC1=C(C=C2C(=C1)C(=NC=N2)NC3=CC(=C(C=C3)F)Cl)OC4CCOC4.C(=CC(=O)O)C(=O)O.C(=CC(=O)O)C(=O)O,C1CC(CCC1C2=CC(=C(C=C2)C(=O)NC3=CC(=C(4NC(=O)NC4=C3)C)C(=C)C)F)N
CC1=CN(C(=O)NC1=O)C2CN(CC(O2)COP(=O)(N3CC(OC(C3)N4C=C(C(=O)NC4=O)C)COP(=O)(N5CC(OC(C5)N6C=NC7=C6N=C(NC7=O)N)COP(=O)(N8CC(OC(C8)N9C=C(C(=O)NC9=O)C)COP(=O)(N1CC(OC(C1)N1C=NC2=C1N=C(NC2=O)N)COP(=O)(N1CC(OC(C1)N1C=NC2=C1N=C(NC2=O)N)COP(=O)(N1CC(OC(C1)N1C=NC2=C(N=CN=C21)N)COP(=O)(N1CC(OC(C1)N1C=NC2=C(N=CN=C21)N)COP(=O)(N1CC(OC(C1)N1C=NC2=C1N=C(NC2=O)N)COP(=O)(N1CC(OC(C1)N1C=C(C(=O)NC1=O)C)COP(=O)(N1CC(OC(C1)N1C=CC(=NC1=O)N)COP(=O)(N1CC(OC(C1)N1C=C(C(=O)NC1=O)C)COP(=O)(N1CC(OC(C1)N1C=C(C(=O)NC1=O)C)COP(=O)(N1CC(OC(C1)N1C=NC2=C1N=C(NC2=O)N)COP(=O)(N1CC(OC(C1)N1C=NC2=C1N=C(NC2=O)N)COP(=O)(N1CC(OC(C1)N1C=CC(=NC1=O)N)COP(=O)(N1CC(OC(C1)N1C=CC(=NC1=O)N)COP(=O)(N1CC(OC(C1)N1C=C(C(=O)NC1=O)C)COP(=O)(N1CC(OC(C1)N1C=CC(=NC1=O)N)COP(=O)(N1CC(OC(C1)N1C=CC(=NC1=O)N)CO)N(C)C)N(C)C)N(C)C)N(C)C)N(C)C)N(C)C)N(C)C)N(C)C)N(C)C)N(C)C)N(C)C)N(C)C)N(C)C)N(C)C)N(C)C)N(C)C)N(C)C)N(C)C)N(C)C)P(=O)(N(C)C)OCC1CNCC(O1)N1C=CC(=NC1=O)N,CC1=C(C=CC2=C1N=CN=C2N)C3CCNCC3.CC(=O)S.CC(=O)N.C1CC1.C1CC2=C(CO1)C(=O)C3=CC=CC=C3C2=O.Cl.O.O.O.O.O.O.O.[Br-].[Na+]
C1C2=C(C=CC(=C2Cl)Cl)N=C3N1CC(=O)N3.Cl,C1C2C(N3C=NC=NC=32)=C(N=C1NCC4)N4C
CCCCCCCCCCCC(CC1C(C(=O)O1)CCCCCC)OC(=O)C(CC(C)C)NC=O,CC1=C(C(=CC=C1)NC(=O)C2CC3C(C2)CC(C4=C3C=CC(=C4)OC)O)C(=O)OCC5C(C(C(O5)C(=O)O)N)O
CC1=C(N=CN1)CN2CCC3=C(C2=O)C4=CC=CC=C4N3C.Cl,C1CC2=C(C1)SC3=CC=CC4=CC=2N=C43
CNS(=O)(=O)CC1=CC2=C(C=C1)NC=C2CCN(C)C.C(CC(=O)O)C(=O)O,C1CN(CCC1(C#N)C2=CC=CC3=CC=CO32)C4=CC(=CC=C4)Cl.Cl-
CN(C)CCC1=CNC2=C1C=C(C=C2)CN3C=NC=N3.C1=CC=C(C=C1)C(=O)O,CC1=CC2=C(S1)CC3C(C4=CC=CC5=NC(=O)C=CC45C)N23
C1=CC=C2C(=C1)C(=O)NC2(C3=CC(=C(C=C3)Cl)S(=O)(=O)N)O,C1=C(C=C(C(=C1[N+](=O)[O-])F)Cl)NC(=O)N2CCSN=C2C3=CC=C(C=C3)C(=O)N
CCCCCN=C(N)NN=CC1=CNC2=C1C=C(C=C2)OC.C(=CC(=O)O)C(=O)O,CC1=C(C=CC(=C1)F)C(=O)N2CCC3(C2CCN3C(=O)CC4=CC=C(C=C4)OC)C
CC(CN1C2=CC=CC=C2CCC3=CC=CC=C31)CN(C)C.C(=CC(=O)O)C(=O)O,CN(C)CCC(C1=CC=C(C=C1)O)C2=CC=C(C=C2)Cl.Cl
CC(C)(C#N)C1=CC(=CC(=C1)CN2C=NC=N2)C(C)(C)C#N,CC1CC(=O)C(C1)
C[N+](C)(C)CCOC(=O)CCC(=O)OCC[N+](C)(C)C.[Cl-].[Cl-],FC(F)(F)C1CC2CC(C1)N2C3=CC=C(C=C3)C(=O)O.CN(C)CCO
CCN(CC)C(=S)SSC(=S)N(CC)CC,CC(C)C(C(=O)O)N.QYTDIYHLPKYPNR-UHFFFAOYSA-N
C1CNCCNCCCN(CCNC1)CC2=CC=C(C=C2)CN3CCCNCCNCCCNCC3,CCN1C(=C(C2=CC=CC(=C2)=[N+](C)C)=[N+](C)C)C2=CC(=CC=C2)=[N+](C)C1.[Cl-].[Cl-]
CC1COC2N1C(=O)C3=C(C(=O)C(=CN3C2)C(=O)NCC4=C(C=C(C=C4)F)F)[O-].[Na+],CC1=C(SC2=C1N=C(N=C2N)N)CC3CC(NC3)COC(=O)COC4=CC=C(C=C4)CN5CCOCC5.Cl
C1CN(CCN1CCOCCO)C(C2=CC=CC=C2)C3=CC=C(C=C3)Cl.C1=CC=C2C(=C1)C=C(C(=C2CC3=C(C(=CC4=CC=CC=C43)C(=O)O)O)O)C(=O)O,C1CCN(CC1)CCOC2=C(C=C(C=C2)OC)C(=O)C(F)(F)F
C1=CC=C(C(=C1)C2=NC(C(=O)NC3=C2C=C(C=C3)Cl)O)Cl,C1C(=O)NC2=C(C=C(C=C2)Cl)N1C3=CC=CC=C3
C[N+]1(CCC2=CC(=C(C=C2C1CC3=CC(=C(C(=C3)OC)OC)OC)OC)OC)CCCOC(=O)CCC=CCCC(=O)OCCC[N+]4(CCC5=CC(=C(C=C5C4CC6=CC(=C(C(=C6)OC)OC)OC)OC)OC)C.[Cl-].[Cl-],C[N+](C)(C) (C1=CC=CC=C1) C2C=CC3CCN(C3C2)C.OS(=O)(=O)O
CC1=CC=C(C=C1)S(=O)(=O)O.CC1=CC=C(C=C1)S(=O)(=O)O.CC(C)CC1CN2CCC3=CC(=C(C=C3C2CC1OC(=O)C(C(C)C)N)OC)OC,CC1=C(C=C(C=C1)OC)CCN.Cl
CC12CCC3C(C1CCC2(C#C)O)CCC4=CC(=O)CCC34,CCC12CCC3C(C1CCC2(C#C)O)CCC4=CC(=O)CCC34
CCOC1=NC2=CC=CC(=C2N1CC3=CC=C(C=C3)C4=CC=CC=C4C5=NOC(=O)[N-]5)C(=O)OCC6=C(OC(=O)O6)C.[K+],COC1=NC=NC2(C1=O)N=C(N=C2N)NCC3=CC=C(C=C3)CN4CCN(CC4)C.Cl
CCCCC1C(=O)N(N(C1=O)C2=CC=CC=C2)C3=CC=CC=C3,C1=CC=C(C(=C1)CC(=O)O)O
CC(C)NCCN(C1=CC2=NC(=CN=C2C=C1)C3=CN(N=C3)C)C4=CC(=CC(=C4)OC)OC,CNC1=C(C2=CC=CC=C2C=C3C=CC(=NN3C4=CC(=C(C=C4)F)F)C(=O)N=C1)O(CCN5CCOCC5)C#N.CNC1=C(C2=CC=CC=C2C=C3C=CC(=NN3C4=CC(=C(C=C4)F)F)C(=O)N=C1)O(CCN5CCOCC5)C#N.CNC1=C(C2=CC=CC=C2C=C3C=CC(=NN3C4=CC(=C(C=C4)F)F)C(=O)N=C1)O(CCN5CCOCC5)C#N.CNC1=C(C2=CC=CC=C2C=C3C=CC(=NN3C4=CC(=C(C=C4)F)F)C(=O)N=C1)O(CCN5CCOCC5)C#N.CNC1=C(C2=CC=CC=C2C=C3C=CC(=NN3C4=CC(=C(C=C4)F)F)C(=O)N=C1)O(CCN5CCOCC5)C#N.CNC1=C(C2=CC=CC=C2C=C3C=CC(=NN3C4=CC(=C(C=C4)F)F)C(=O)N=C1)O(CCN5CCOCC5)C#N.[N+](=O)(O)O.[N+](=O)(O)O.[N+](=O)(O)O.[N+](=O)(O)O.CC(=O)OC2=CC(=C(C=C21) N(=O)=O)C(C)(C)C.CC(=O)OC2=CC(=C(C=C21)N(=O)=O)C(C)(C)C
CC(CS(=O)(=O)C1=CC=C(C=C1)F)(C(=O)NC2=CC(=C(C=C2)C#N)C(F)(F)F)O,CC1CC(CCC1NC(=O)C2=CC=C3CC4=C(CC3=C2)OCCO4)C=C5C(=C6C(=C7CC8C(CC7N(CCC8O)C)C6=C5O)CCN9CCN(CC9)C)O
CC(C)(C)NCC(C1=CC(=CC(=C1)O)O)O.CC(C)(C)NCC(C1=CC(=CC(=C1)O)O)O.OS(=O)(=O)O,CC(C)(C)NCC(C1=CC=C(C=C1)C(C)C)O.CC(C)(C)NCC(C1=CC=C(C=C1)C(C)C)O.OS(=O)(=O)O
C1CCC2(C3CC4=C(C2(C1)CCN3CC5CCC5)C=C(C=C4)O)O.C(C(C(=O)O)O)(C(=O)O)O,CC1CC2C3=CC=CC=C3CC4=C2C(=C1O)CCN4C
CC(C=CC(C)C(C)(C)O)C1CCC2C1(CCCC2=CC=C3CC(CC(C3)O)O)C,C1C(C(=O)C=C2C(=C1)C(=CC(C2=CC3C(=C(CCC3(C(=O)C2(CCC(C2(CC(=O)C=C3)C(=O)C4CCCC(=O)C4CCC5C6CCC(C6(C7C5CCC8C7(CCC9C8CC(C9)O)C)O)C)C)O)C)C=CC(=O)C)C)C)C)C)C(=O)O
CC1=C(C(C(=C(N1)C)C(=O)OCCN(C)CC2=CC=CC=C2)C3=CC(=CC=C3)[N+](=O)[O-])C(=O)OC.Cl,CC1=C(C(=O)NC(=N1)C2=CC=CC=C2)C3=CC(=C(C(=C3)OC)C)OC.Br
CCOC(=O)C(CC1=CC=C(C=C1)F)NC(=O)C(CC2=CC=C(C=C2)N(CCCl)CCCl)N.Cl,CC1(C)NC2=C(C=C3C(=C2C4=C(CCC(C4=O)NC(=O)C)C(=O)N3)C)N=CN1C.Cl
COC1(C2N(C1=O)C(=C(CS2)COC(=O)N)C(=O)[O-])NC(=O)CC3=CC=CS3.[Na+],CC1C2C(C(=O)N2C(=C1SC3CC3)C(=O)O)C4=CC=CC5=CC=CC(=C51)N4OSC6=NNC7=C6C=C(C=C7)Cl
CC1=C(N2C(C(C2=O)NC(=O)C(C3=CC=CC=C3)N)SC1)C(=O)O,CC1C2C(C(=O)N2C(=C1SC3CC3)C(=O)O)C4=CC(=C5C(=C4)N(C=C(C5=O)C(=C2)C(=O)N1CC1)C)C(=O)O.C[C@@H]1CNC(=O)C1.CS(=O)(=O)O
CC1C(C(CC(O1)OC2CC(CC3=C2C(=C4C(=C3O)C(=O)C5=C(C4=O)C(=CC=C5)OC)O)(C(=O)C)O)N)O.C(C(=O)O)C(CC(=O)O)(C(=O)O)O,CC1C(C(CC(=O)C1=C(OC2CC3C2C(C(C4=C3C=CC(=C4O)OC5C6C(COC6O)(C(C5O)C(=O)C7=CC(=C(C=C73)O)OC)O)N(C)C)O)N(C)C)COC(=O)C)O)O.[I-].[I-]
CCCCCCC(C)(C)C1=CC(=C2C3CC(=O)CCC3C(OC2=C1)(C)C)O,CCC(CC)C(=O)NC1C2SCC(CN2C(=O)C1)C(OC3CC(CN(C3)C)O)(C(F)(F)F)C4=CNC5=CC=CC(=C54)
CC(C)CC(C(=O)NC(CCCN=C(N)N)C(=O)N1CCCC1C(=O)NC(C)C(=O)N)NC(=O)C(CCCNC(=O)N)NC(=O)C(CC2=CC=C(C=C2)O)NC(=O)C(CO)NC(=O)C(CC3=CN=CC=C3)NC(=O)C(CC4=CC=C(C=C4)Cl)NC(=O)C(CC5=CC6=CC=CC=C6C=C5)NC(=O)C.CC(=O)O,CC1=C(CCC(CN1C(=O)C(CCC2C(=CCC3C2CC(C4=CC(=O)CC5C4(CCC6C5CCC7C6CC(C8=C7C(=CC(=C8)O)CCC(=O)OC)O)C(=O)C3=O)C)O)N)N)C(C)O.C(=CC(=O)O)C1=C(C2CC3C(C2CC1O)CCC4=CC(=O)CCC34C)O
C1=CC(=CC=C1C(C(COC(=O)CCC(=O)[O-])NC(=O)C(Cl)Cl)O)[N+](=O)[O-].[Na+],C1=CC(=C(C=C1C(C(=O)O)N)O)O.Cl
CN1CCN(CC1)CCCN2C3=CC=CC=C3SC4=C2C=C(C=C4)Cl.C(=CC(=O)O)C(=O)O.C(=CC(=O)O)C(=O)O,CC(C1=CC=CC=CC=1)CN2C3=CC=CC=C3C4=C(NC2=O)C=CC(=C4)Cl.C(C(C(=O)O)O)(C(=O)O)O
CCN(CC)C(=O)C(=CC1=CC(=C(C(=C1)O)O)[N+](=O)[O-])C#N,CC(=O)OC1=CC(=CC(=C1)O)CBr
CC1C(C(CC(O1)OC2C(OC(CC2O)OC3C(OC(CC3O)OC4CCC5(C(C4)CCC6C5CCC7(C6(CCC7C8=CC(=O)OC8)O)C)C)C)C)O)O,C1=C2C(=CC(=C1CCOC2=O)OC)C3=NC4=NC(=NC(=C4N3)OC)OC.
N(=O)[O-].[Na+],CC(=O)O
CC12CCC3C(C1CCC2(C)O)CCC4C3(CC5=C(C4)NN=C5)C,CC1=CC(=CC=C1CC2C3CCC4=CC(=O)CCC4C3CCC2=O)O
CC1(C(=O)N2C(C(=O)N3CCCC3C2(O1)O)CC4=CC=CC=C4)NC(=O)C5CC6C(CC7=CNC8=CC=CC6=C78)N(C5)C.CS(=O)(=O)O,C1CN(CCN1CC2=C(C3=CC=CC=C3S2)OC)C4=CC(=CC=C4)C(=O)CCl
C1=CC=C(C(=C1)C2=NN(C(=N2)C3=CC=CC=C3O)C4=CC=C(C=C4)C(=O)O)O,C1=CC(=C(C=C1C(=O)O)O)S.[Fe+3]
COC1=CC=CC=C1OCC(COC(=O)N)O,C(=O)(N)N
CC(CCC(=O)O)C1CCC2C1(C(CC3C2CCC4C3(CCC(C4)O)C)O)C,C(CCC(=O)O)CC(C)C)C
CCC1(C(=O)NCNC1=O)C2=CC=CC=C2,C1C(=CC(=O)C2=C1C=CN2)CC(=O)N.Cl
CN1C2=C(C(=O)N(C1=O)C)N(C=N2)CC(CO)O,CC1=NN=C2N1C(=O)N=C(N2C3=CC=CC=C3)C4=CC(=NO4)C5CCN(CC5)C6=CC(=CC(=C6)Cl)Cl
CCC(=C)C(=O)C1=C(C(=C(C=C1)OCC(=O)O)Cl)Cl,[Cl-].CC(=O)O.C1CCN2CC34CC(C(C3=CC=C(C=C4)O)F)(C2)C1
CSC1=NC2=CC(=C(C=C2N1)Cl)OC3=C(C(=CC=C3)Cl)Cl,C1CC(F)(F)C(C1)(F)Cl
C1CC2C(=O)NC(CSSCCC(=O)NC(C(=O)NCC(=O)NC(C(=O)NC(C(=O)N2C1)CC3=CNC4=CC=CC=C43)CC(=O)O)CCCCN=C(N)N)C(=O)N,C1=CC(=C(C=C1C2=NOC(=N2)C3=CC=C(C=C3)Cl)Cl)N.C(=O)(O)C(CC(=O)O)C(=O)O
CC1=C(SC(=N1)C2=CC(=C(C=C2)OCC(C)C)C#N)C(=O)O,C1=NNC2=O1C(=O)N(C)C(=N2)N
C1C(N(C2=C(N1)N=C(NC2=O)N)C=O)CNC3=CC=C(C=C3)C(=O)NC(CCC(=O)[O-])C(=O)[O-].[Ca+2],C(=O)(N)N.C1=C(OC(=N1)N)N.C(C(COP(=O)(O)OP(=O)(O)O)O)O
CC1=CC=C(C=C1)S(=O)(=O)O.CC1=CC=C(C=C1)S(=O)(=O)O.CC1=CC=C(C=C1)S(=O)(=O)O.CC1=CC=C(C=C1)S(=O)(=O)[O-].CC(C)(C(=O)O)ON=C(C1=CSC(=N1)N)C(=O)NC2C3N(C2=O)C(=C(CS3)C[N+]4(CCCC4)CCNC(=O)C5=C(C(=C(C=C5)O)O)Cl)C(=O)O.CC(C)(C(=O)O)ON=C(C1=CSC(=N1)N)C(=O)NC2C3N(C2=O)C(=C(CS3)C[N+]4(CCCC4)CCNC(=O)C5=C(C(=C(C=C5)O)O)Cl)C(=O)O.CC(C)(C(=O)O)ON=C(C1=CSC(=N1)N)C(=O)NC2C3N(C2=O)C(=C(CS3)C[N+]4(CCCC4)CCNC(=O)C5=C(C(=C(C=C5)O)O)Cl)C(=O)O.[O-]S(=O)(=O)[O-],CC1C2C(C(=O)N2C(S1)C(=O)N3CCCCC3C(=O)[O-])C(C)N.Cl[H]
CC1CC2C3CCC(C3(CC(C2(C4(C1=CC(=O)C=C4)C)F)O)C)(C(=O)C)O,CC1(OC2CC3C4CC(C5=CC(=O)C=CC5(C4(C(CC3(C2(O1)C(=O)CO)C)O)F)C)F)C.Cl
CC(=O)OCC(=O)C1(CCC2C1(CC(C3(C2CCC4=CC(=O)CCC43C)F)O)C)O,C1C(=O)C2C3C4CC5=CC(=O)C=CC5(C4(C(CC3(C2(O1)C(=O)CO)C)O)F)C
CCC(C)C(C(=O)NC(CCC(=O)N)C(=O)NC(CC(C)C)C(=O)NC(CCSC)C(=O)NC(CC1=CNC=N1)C(=O)NC(CC(=O)N)C(=O)NC(CC(C)C)C(=O)NCC(=O)NC(CCCCN)C(=O)NC(CC2=CNC=N2)C(=O)NC(CC(C)C)C(=O)NC(CC(=O)N)C(=O)NC(CO)C(=O)NC(CCSC)C(=O)NC(CCC(=O)O)C(=O)NC(CCCNC(=N)N)C(=O)NC(C(C)C)C(=O)NC(CCC(=O)O)C(=O)NC(CC3=CNC4=CC=CC=C43)C(=O)NC(CC(C)C)C(=O)NC(CCCNC(=N)N)C(=O)NC(CCCCN)C(=O)NC(CCCCN)C(=O)NC(CC(C)C)C(=O)NC(CCC(=O)N)C(=O)NC(CC(=O)O)C(=O)NC(C(C)C)C(=O)NC(CC5=CNC=N5)C(=O)NC(CC(=O)N)C(=O)NC(CC6=CC=CC=C6)C(=O)O)NC(=O)C(CCC(=O)O)NC(=O)C(CO)NC(=O)C(C(C)C)NC(=O)C(CO)N,CCCCCCCCCCCS(=O)(=O)O.CC1CC(NC(=O)C2CSSCCC(=O)NC(C(=O)NC(C(=O)NC(C(=O)NCC(=O)NCC(=O)NC(C(=O)N1)CC(=O)N)CCSC)CC3=CC=CC=C3)CC4=CC=CC=C4)C(C)O)C(=O)NC(C(C)O)C(=O)NCC(=O)N.
CNC1CCC2=C(C1)C3=C(N2)C=CC(=C3)C(=O)N.C(CC(=O)O)C(=O)O,C1CC2=C(C(=C(C=C2)OC)OC)CN1C.C(=CC(=O)O)C(C(=O)O)CC(=O)O
C1C(=O)NC(=O)N1N=CC2=CC=C(O2)[N+](=O)[O-],CC1(C(=O)NC(=O)N=C1SC2=NOC(=N2)Cl)N
CN1CCC23C=CC(CC2OC4=C(C=CC(=C34)C1)OC)O.Br,CCN(C)C(=O)OC1=CC=CC(=C1)C(C)N(C)C.C(C(C(=O)O)O)(C(=O)O)O
CC1=CC(=NN1)NC2=NC(=NC(=C2)C)C3CCC(CC3)(C(=O)NC(C)C4=CN=C(C=C4)N5C=C(C=N5)F)OC,CC1=C(C=C(C=C1)C(=O)NC2=CC(=C(C=C2)C(F)(F)F)C3=C(NC4=CC=CC=C43)C(=O)N)OC5CC(COC5O)O.Cl
CC1=CC=C(C=C1)S(=O)(=O)O.CC1=CC=C(C=C1)S(=O)(=O)O.CS(=O)(=O)CCNCC1=CC=C(O1)C2=CC3=C(C=C2)N=CN=C3NC4=CC(=C(C=C4)OCC5=CC(=CC=C5)F)Cl,CSC(C)C(CCN)NC(=O)C(CCN=C(N)N)NC(=O)C(CC1=CC(=C(C=C1)O)O)NC(=O)C(CC(=O)O)NC(=O)C(CC2=CC=C(C=C2)C(=O)O)NC(=O)C(CO)NC(=O)C(CCCN=C(N)N)NC(=O)C(CC3=CNC4=CC=CC=C43)NC(=O)C(CC5=CN=CN5)NC(=O)CNC(=O)CNC(=O)CN
CC1CC2C3CCC(C3(CC(C2C4(C1=CC(=O)CC4)C)O)C)C(=O)C,CC1(OC2CC3C4CCC5=CC(=O)C=CC5(C4(C(CC3(C2(O1)C(=O)CO)C)O)F)C)C
CCC(C)C(C(=O)NC(CC(C)C)C(=O)N1CCCC1C(=O)N2CCCC2C(=O)NC(C(C)O)C(=O)NC(CC(=O)N)C(=O)NC(C(C)C)C(=O)NCC(=O)NC(CO)C(=O)NC(CC(=O)N)C(=O)NC(C(C)O)C(=O)NC(CC3=CC=C(C=C3)O)C(=O)N)NC(=O)C4CCCN4C(=O)CNC(=O)C(CC5=CC=CC=C5)NC(=O)C(CC(=O)N)NC(=O)C(CC(=O)N)NC(=O)C(CO)NC(=O)C(CO)NC(=O)C(CC6=CN=CN6)NC(=O)C(C(C)C)NC(=O)C(CC(C)C)NC(=O)C(CC7=CC=CC=C7)NC(=O)C(CC(=O)N)NC(=O)C(C)NC(=O)C(CC(C)C)NC(=O)C(CCCNC(=N)N)NC(=O)C(CCC(=O)N)NC(=O)C(C(C)O)NC(=O)C(C)NC(=O)C(CS)NC(=O)C(C(C)O)NC(=O)C(C)NC(=O)C(C(C)O)NC(=O)C(CC(=O)N)NC(=O)C(CS)NC(=O)C(CCCCN)N,CC(C)C1C(=O)NC(C(=O)NC(CCN=C(N)N)C(=O)N2CCCC2C(=O)N1)C(C)O.Cl
C=CC(=O)N1CCCC(C1)N2C3=NC=NC(=C3C(=N2)C4=CC=C(C=C4)OC5=CC=CC=C5)N,CC1=C(C2=CC(=C(C=C2S1)C#N)C#N)COCC(=O)N3CCCC3C4=CC(=C(C=C4)F)CF
CN(C)CCCN1C2=CC=CC=C2CCC3=CC=CC=C31.CN(C)CCCN1C2=CC=CC=C2CCC3=CC=CC=C31.C1=CC=C2C(=C1)C=C(C(=C2CC3=C(C(=CC4=CC=CC=C43)C(=O)O)O)O)C(=O)O,CNCCCN1C2=CC=CC=C2SC3=C1C=C(C=C3)OC.Cl
CCCCCCCCCCCCCCCC(=O)OC1CCCN2C1=NC(=C(C2=O)CCN3CCC(CC3)C4=NOC5=C4C=CC(=C5)F)C,CN(C)CCC(C1=CC(=CC2=C1OCO2)OC)C3=CC(=CN=C3)Cl.C(=CC(=O)O)C(=O)O
CC(C1=CC(=CC=C1)C(=O)C2=CC=CC=C2)C(=O)O,C1=CC=C(C(=C1)CC(=O)O)NC2=C(C=CC=C2Cl)Cl
CC#CC1(CCC2C1(CC(C3=C4CCC(=O)C=C4CCC23)C5=CC=C(C=C5)N(C)C)C)O,CCC1C2CCC3C4CC(CCC4(C2C1C56CC7CC(C5)CC(C7)C6C3=O)C)O
C1=CC=C(C(=C1)C(C2=CC=C(C=C2)Cl)C(Cl)Cl)Cl,CC12CCC(=O)C=C1CCC3C2C(CC4(C3CCC4(C(=O)CO)O)C)O
COCCOC(=O)NCCCCC(C(=O)NCCCCCCCOP(=O)(C)O)NC(=O)OCCOC,CC1=C(C=C(C=C1)S(=O)(=O)N)CNC(=O)C1=CC(=C(C=C1)N1CCN(CC1)C)Cl.CC(=O)O
CCCC(C)C1(C(=O)NC(=NC1=O)[O-])CC.[Na+],CCC(C)OC1=C2N=C(N=CC3=CC=CC=C43)C(=NC2=C(C=C1)CN(C)C)C(C)C.Cl
Cl[Zn]Cl,C1=CC(=C(C=C1C(=O)O)O)S(=O)(=O)O.OS(=O)(=O)(O)O
CCN1C=C(C(=O)C2=CC(=C(C(=C21)F)N3CCNC(C3)C)F)C(=O)O.Cl,C1CC1N2C=C(C(=O)C3=CC(=C4N(C(=O)C5(COC5)C4=C3)C(NS(=O)(=O)C6=CC=C(C=C6)F)S(=O)(=O)C)C=C2F)C(=O)O.Cl
C1=NC2=C(N1)C(=S)N=CN2,C1=CN2C(=N1)C(=O)NC(=NC2=O)N
CCCCN1CC(C(C(C1CO)O)O)O,CCC1C(C(C(C(=O)C(C(CCC(CC(CC(CC(=O)OC2C(C(C(C(O2)(C(C(C1O)C)O)O)C(=O)C(=O)N)O)O)F)O)O)C(=O)N)C)C)OC3C(C(C(C(O3)C)O)N)O)C)O)N.CS(=O)(=O)O
COC1=C(C=C2C(=C1)C(=NC(=N2)N3CCN(CC3)C(=O)C4=CC=CO4)N)OC.Cl,C1CN(CCC1C2=CC=C(C=C2)OCC3=CC=CC=N3)CCCC4=CC(=C(C=C4)Cl)Cl.C(=O)(O)C(=O)O
CC1CC(=CCC2CC(CC3(O2)CC(=NOC)C(C(O3)C(=CC(C)C)C)C)OC(=O)C4C=C(C(C5C4(C(=CC=C1)CO5)O)O)C)C,CC1C2C(C(C(O2)OC3(C(O1)OC(C(C3O)COS(=O)(=O)[O-])OC4C(C(C(C(O4)CS(=O)(=O)[O-])OS(=O)(=O)[O-])O)O)CN5C(=O)C6=C(C=CC(=C6C5=O)OC)OC)O)OS(=O)(=O)O.[Na+].[Na+].[Na+].[Na+].[Na+].[Na+].[Na+].[Na+].[Na+].[Na+].[Na+].[Na+].[Na+].[Na+].[Na+].[Na+].[Na+].[Na+].[Na+].[Na+].[Na+].[Na+].[Na+].[Na+].[Na+].[Na+].[Na+].[Na+].[Ca+2]
C1=CC(=CC=C1C(=N)N)OCCCCCOC2=CC=C(C=C2)C(=N)N.C(CS(=O)(=O)O)O.C(CS(=O)(=O)O)O,C1=NC(=NC(=O)N1C(CO)CO)N
CCN(CC)CCOC(=O)C1=CC=C(C=C1)N.Cl,CC1=CC(=CC(=C1O)C(=O)C2=C(C3=C(CCC3C(=C2O)C(=O)O)O)CC4=CC(=C(C(=C4)O)O)O)O
CN(C)CC1=C(SC2=C1C(=O)N(C(=O)N2CC3=C(C=CC=C3F)F)C4=NN=C(C=C4)OC)C5=CC=C(C=C5)NC(=O)NOC,"MANSASPEQNQNHCSAINNSIPLMQGNLPTLTLSGKIRVTVTFFLFLLSATFNASFLLKL
QKWTQKKEKGKKLSRMKLLLKHLTLANLLETLIVMPLDGMWNITVQWYAGELLCKVLSYL
KLFSMYAPAFMMVVISLDRSLAITRPLALKSNSKVGQSMVGLAWILSSVFAGPQLYIFRM
IHLADSSGQTKVFSQCVTHCSFSQWWHQAFYNFFTFSCLFIIPLFIMLICNAKIIFTLTR
VLHQDPHELQLNQSKNNIPRARLKTLKMTVAFATSFTVCWTPYYVLGIWYWFDPEMLNRL
SDPVNHFFFLFAFLNPCFDPLIYGYFSL"
CCC(C)C(C(=O)NC(C)C(=O)NC(CC1=CNC2=CC=CC=C21)C(=O)NC(CC(C)C)C(=O)NC(C(C)C)C(=O)NC(CCCNC(=N)N)C(=O)NCC(=O)NC(CCCNC(=N)N)C(=O)NCC(=O)O)NC(=O)C(CC3=CC=CC=C3)NC(=O)C(CCC(=O)O)NC(=O)C(CCCCNC(=O)COCCOCCNC(=O)COCCOCCNC(=O)CCC(C(=O)O)NC(=O)CCCCCCCCCCCCCCCCC(=O)O)NC(=O)C(C)NC(=O)C(C)NC(=O)C(CCC(=O)N)NC(=O)CNC(=O)C(CCC(=O)O)NC(=O)C(CC(C)C)NC(=O)C(CC4=CC=C(C=C4)O)NC(=O)C(CO)NC(=O)C(CO)NC(=O)C(C(C)C)NC(=O)C(CC(=O)O)NC(=O)C(CO)NC(=O)C(C(C)O)NC(=O)C(CC5=CC=CC=C5)NC(=O)C(C(C)O)NC(=O)CNC(=O)C(CCC(=O)O)NC(=O)C(C)(C)NC(=O)C(CC6=CN=CN6)N,CNC(=O)OCC1OC(N2C(CO)C(NC2=O)C2CSSCC(C(=O)NC(C)(C)C)C2)C(CO)C1O
CN(C)C1=CC2=C(C=C1)N=C3C=CC(=[N+](C)C)C=C3S2.[Cl-],C1C2C(C3C4C5C(C6C7C8C9C%10C(C%11C%12C(C7C9C%13C%12C%10C%11C86)C%13C(C5C%14CC(CC%14)C%5N3C)N6C)N(C1C2)C4=O)N=N2)N=C1N=CN=C34
CC1(CCC2(CCC3(C(C2C1)C(=O)C=C4C3(CCC5C4(C=C(C(=O)C5(C)C)C#N)C)C)C)NC(=O)C(C)(F)F)C,CC(=C3C=C1C(=C(CCC1C(=O)CC(CC(=O)C3(C)CCC2C(C(C(O2)(C)C)O)C)O)C)C)O.Cl
C1=CC=C(C=C1)CC(COC(=O)N)N.Cl,C1CC(C2=CC=CC=C2C1)NCCl.Cl
C1=CC(=NC=C1CC2=CNC3=C2C=C(C=N3)Cl)NCC4=CN=C(C=C4)C(F)(F)F.Cl,COC1=CC2=C(C=CN=C2C=C1)NC(=O)C3=CC(=C(C=C3)N4CCN(CC4)C)F.CF3OS(=O)(=O)O
CC(C)(C)C1=CC(=NO1)NC(=O)NC2=CC=C(C=C2)C3=CN4C5=C(C=C(C=C5)OCCN6CCOCC6)SC4=N3.Cl.Cl,CC1=CC(=C(C=C1NC(=O)C2=CC(=C(C=C2)C(=O)N3CCCC3C(=O)N)F)N4CCNCC4)F)C5=NN=C(N=C5N)NC6=C(C=C(C=C6F)F)F
CCC1=C(N=C(C(=N1)C(=O)N)NC2=CC(=C(C=C2)N3CCC(CC3)N4CCN(CC4)C)OC)NC5CCOCC5.CCC1=C(N=C(C(=N1)C(=O)N)NC2=CC(=C(C=C2)N3CCC(CC3)N4CCN(CC4)C)OC)NC5CCOCC5.C(=CC(=O)O)C(=O)O,CC1(C2=CC3=C(C=C2C4=C1NCCN4)C=C(C=C3)Cl)C=NO.[Cl-]
CC1=CC2=C(C3C4C5C6=C(C(=C7C(=C6C(N4C(C(C2)N3C)O)COC(=O)C8(CS5)C9=C(CCN8)C2=C(N9)C=CC(=C2)OC)OCO7)C)OC(=O)C)C(=C1OC)O,CC1C(C(=O)NC(=O)NC1=O)C2CCC3(C2COC3C(=O)O)O
